2229.W2.T33.EH5.Thomas.CMB.Seaweed.lane5.NoIndex.L005, 2, 131.07232785224915
1064.W.CJV187, 4, 313.263484954834
1064.G.CV235, 8, 858.267441034317
1064.G.CJV193, 16, 3278.079803943634
1064.H.CV211, 32, 95222.99875092506
